dumitru, 003, level1
serg, 006, level1
chad, 019, level2
virg, 000, level2
dl raul, 006, level1
cristos, 002, level1
RIP, 071, level2
dl raul, 014, level1
domnu raul, 020, level1
domnu raul, 022, level2
dl raul, 000, Level 1
domnu raul, 006, Level 2
chad, 000, Level 2
chad, 013, Level 2
chad, 014, Level 2
chad, 016, Level 2
CHAD, 016, Level 2
raul, 026, Level 2
dl raul, 015, Level 1
dl raul, 011, Level 2
CHAD, 036, Level 2
domnu raul, 059, Level 2
dl raul, 017, Level 1
dl raul, 017, Level 1
chad, 019, Level 2
dl raul, 007, Level 2
dl raul, 019, Level 2
dl raul, 021, Level 2
domnu raul, 027, Level 2
xxx, 017, Level 2
dl raul, 015, Level 1
dl raul, 035, Level 1
dl raul, 035, Level 1
dl raul, 029, Level 1
chad, 057, Level 2
domnu raul, 042, Level 2
domnu_raul, 000, Level 1
das, 000, Level 1
ZZZZZZZZZZZ, 000, Level 1
chad, 075, Level 2
